<genxml>
  <hidden>
    <index datatype="double">21</index>
  </hidden>
  <textbox>
    <ctrl update="save">os_bulkedit</ctrl>
    <name update="save">Quick Product Edit</name>
    <icon update="save" />
    <group update="save">Catalog</group>
    <path update="save">/DesktopModules/NBright/OS_BulkEdit/Admin.ascx</path>
    <help update="save" />
    <description update="save" />
  </textbox>
  <checkbox>
    <hidden update="save">False</hidden>
  </checkbox>
  <dropdownlist />
  <checkboxlist>
    <securityroles update="save">
      <chk value="True" data="Administrators">Administrators</chk>
      <chk value="False" data="Manager">Manager</chk>
      <chk value="False" data="Editor">Editor</chk>
      <chk value="False" data="ClientEditor">ClientEditor</chk>
    </securityroles>
  </checkboxlist>
  <radiobuttonlist />
  <interfaces>
    <genxml>
      <files />
      <hidden />
      <textbox>
        <assembly>OS_BulkEdit</assembly>
        <namespaceclass>OpenStore.Providers.OS_BulkEdit.Events</namespaceclass>
      </textbox>
      <checkbox>
        <active>True</active>
        <default>False</default>
      </checkbox>
      <dropdownlist>
        <providertype>06</providertype>
      </dropdownlist>
      <checkboxlist />
      <radiobuttonlist />
    </genxml>
    <genxml>
      <files />
      <hidden />
      <textbox>
        <assembly>OS_BulkEdit</assembly>
        <namespaceclass>OpenStore.Providers.OS_BulkEdit.AjaxProvider</namespaceclass>
      </textbox>
      <checkbox>
        <active>True</active>
        <default>False</default>
      </checkbox>
      <dropdownlist>
        <providertype>12</providertype>
      </dropdownlist>
      <checkboxlist />
      <radiobuttonlist />
    </genxml>
  </interfaces>
</genxml>